id;name;hired_at;age;email;mobile;created_date;default_image;default_image_data;default_image_data_content_type
1;wash trial housework;2024-04-13;19363;Jamarcus.Haag@yahoo.com;despite woot;2024-04-13;curiously upright um;../fake-data/blob/hipster.png;image/png
2;blah quick;2024-04-13;25045;Danika98@yahoo.com;yippee aside;2024-04-14;until against;../fake-data/blob/hipster.png;image/png
3;ordinary;2024-04-14;6047;Felipa44@yahoo.com;hmph even;2024-04-14;apportion meaningfully yowza;../fake-data/blob/hipster.png;image/png
4;failing wrongly duh;2024-04-13;22289;Devon_Schmidt@hotmail.com;unibody depersonalise but;2024-04-13;sniveling;../fake-data/blob/hipster.png;image/png
5;against aside ensure;2024-04-14;26747;Michelle_Kub1@yahoo.com;zowie traumatic;2024-04-13;verbally boo;../fake-data/blob/hipster.png;image/png
6;until;2024-04-14;27512;Vernice_Toy86@gmail.com;fog boohoo gah;2024-04-13;exhilarate first;../fake-data/blob/hipster.png;image/png
7;as cache political;2024-04-14;9914;Gardner.Hauck-Lang@hotmail.com;yahoo;2024-04-14;ouch cent stravaig;../fake-data/blob/hipster.png;image/png
8;than out;2024-04-13;16471;Linwood_Monahan@hotmail.com;besides furiously;2024-04-13;noisily considering aha;../fake-data/blob/hipster.png;image/png
9;backfire yuck;2024-04-13;6220;Ralph27@gmail.com;possible anxiously sprout;2024-04-13;actually;../fake-data/blob/hipster.png;image/png
10;redistribute lively;2024-04-14;19210;Maeve_Murazik-Grady34@gmail.com;with specific briefly;2024-04-13;partially speed as;../fake-data/blob/hipster.png;image/png
